<?xml version="1.0" encoding="MacRoman" standalone="no"?>
<!DOCTYPE log SYSTEM "logger.dtd">
<log>
<record>
  <date>2013-08-31T16:43:07</date>
  <millis>1377960187253</millis>
  <sequence>0</sequence>
  <logger>loggerdemo</logger>
  <level>INFO</level>
  <class>LogToFileUsingFileHandler</class>
  <method>main</method>
  <thread>10</thread>
  <message>doing stuff</message>
</record>
<record>
  <date>2013-08-31T16:43:07</date>
  <millis>1377960187302</millis>
  <sequence>1</sequence>
  <logger>loggerdemo</logger>
  <level>SEVERE</level>
  <class>LogToFileUsingFileHandler</class>
  <method>main</method>
  <thread>10</thread>
  <message>dividing by 0</message>
</record>
<record>
  <date>2013-08-31T16:43:07</date>
  <millis>1377960187304</millis>
  <sequence>2</sequence>
  <logger>loggerdemo</logger>
  <level>INFO</level>
  <class>LogToFileUsingFileHandler</class>
  <method>main</method>
  <thread>10</thread>
  <message>done</message>
</record>
</log>
